{"accuracy": 0.6684615384615384, "report": {"3": {"precision": 0.0, "recall": 0.0, "f1-score": 0.0, "support": 6.0}, "4": {"precision": 0.6666666666666666, "recall": 0.046511627906976744, "f1-score": 0.08695652173913043, "support": 43.0}, "5": {"precision": 0.6774193548387096, "recall": 0.7313432835820896, "f1-score": 0.7033492822966507, "support": 402.0}, "6": {"precision": 0.6545189504373178, "recall": 0.7520938023450586, "f1-score": 0.6999220576773187, "support": 597.0}, "7": {"precision": 0.6871165644171779, "recall": 0.5209302325581395, "f1-score": 0.5925925925925926, "support": 215.0}, "8": {"precision": 0.9230769230769231, "recall": 0.3333333333333333, "f1-score": 0.4897959183673469, "support": 36.0}, "9": {"precision": 0.0, "recall": 0.0, "f1-score": 0.0, "support": 1.0}, "accuracy": 0.6684615384615384, "macro avg": {"precision": 0.5155426370623993, "recall": 0.34060175424651395, "f1-score": 0.36751662466757706, "support": 1300.0}, "weighted avg": {"precision": 0.671306070233361, "recall": 0.6684615384615384, "f1-score": 0.6533685160154057, "support": 1300.0}}}