{"accuracy": 0.6207692307692307, "report": {"3": {"precision": 0.0, "recall": 0.0, "f1-score": 0.0, "support": 6.0}, "4": {"precision": 1.0, "recall": 0.023255813953488372, "f1-score": 0.045454545454545456, "support": 43.0}, "5": {"precision": 0.639269406392694, "recall": 0.6965174129353234, "f1-score": 0.6666666666666666, "support": 402.0}, "6": {"precision": 0.6005434782608695, "recall": 0.7403685092127303, "f1-score": 0.6631657914478619, "support": 597.0}, "7": {"precision": 0.6694915254237288, "recall": 0.3674418604651163, "f1-score": 0.4744744744744745, "support": 215.0}, "8": {"precision": 0.7142857142857143, "recall": 0.1388888888888889, "f1-score": 0.23255813953488372, "support": 36.0}, "9": {"precision": 0.0, "recall": 0.0, "f1-score": 0.0, "support": 1.0}, "accuracy": 0.6207692307692307, "macro avg": {"precision": 0.5176557320518581, "recall": 0.2809246407793639, "f1-score": 0.2974742310826332, "support": 1300.0}, "weighted avg": {"precision": 0.6370505550553766, "recall": 0.6207692307692307, "f1-score": 0.5971143292186053, "support": 1300.0}}}